admin1_pcode,admin3_pcode,state,township,total_pop,idps,pop_minus_idps,food_secure,marginally_food_secure,moderately_food_insecure,severely_food_insecure,food_insecure_moderately_severely,moderate_food_insecure_number,severely_food_insecure_number,moderately_severely,pin_2022,total_pin2,target_2022,pc_vul,pin_2021,target_2021,hrp_target_idps_2021,hrp_target_returnees_2021,hrp_target_stateless_rakhine_2021,hrp_target_other_vulnerable_2021,hrp_target_total,hrp_version,pin_new,target_new
MMR001,MMR001010,Kachin,Bhamo,154328.6819752977,9577,144751.6819752977,0.171,0.566,0.262,0,0.262,37924.94067752799,0,37924.94067752799,47502,47501.94067752799,11875,0.30779722906679974,5854.95,5321.75,4940.75,247.79999999999998,0,133.20000000000002,5321.75,hrp,47502,11875
MMR001,MMR001005,Kachin,Chipwi,22760.235051575986,2719,20041.235051575986,0.171,0.566,0.262,0,0.262,5250.8035835129085,0,5250.8035835129085,7970,7969.8035835129085,1992,0.35016350074825153,3288.2500000000005,2990.425,2415,330.40000000000003,0,245.025,2990.425,hrp,7970,1992
MMR001,MMR001009,Kachin,Hpakant,376752.9342027131,4359,372393.9342027131,0.171,0.566,0.262,0,0.262,97567.21076111084,0,97567.21076111084,101926,101926.21076111084,25482,0.2705385983968717,8171.85,5202.05,3032.25,0,0,2169.8,5202.05,hrp,101926,25482
MMR001,MMR001003,Kachin,Injangyang,1967.200314852518,566,1401.200314852518,0.171,0.566,0.262,0,0.262,367.11448249135975,0,367.11448249135975,933,933.1144824913597,233,0.47433628159078234,556,496,0,496,0,0,496,hrp,933,233
MMR001,MMR001018,Kachin,Khaunglanhpu,13237.713435107447,0,13237.713435107447,0.171,0.566,0.262,0,0.262,3468.280919998151,0,3468.280919998151,3468,3468.280919998151,867,0.262,0,0,0,0,0,0,0,NA,3468,867
MMR001,MMR001016,Kachin,Machanbaw,10060.889370071365,0,10060.889370071365,0.171,0.566,0.262,0,0.262,2635.9530149586976,0,2635.9530149586976,2636,2635.9530149586976,659,0.262,0,0,0,0,0,0,0,NA,2636,659
MMR001,MMR001013,Kachin,Mansi,60134.76943987677,14244,45890.76943987677,0.171,0.566,0.262,0,0.262,12023.381593247714,0,12023.381593247714,26267,26267.381593247716,6567,0.4368085524882582,15746.1,12582.6,10476.7,1042.4,0,1063.5,12582.6,hrp,26267,6567
MMR001,MMR001008,Kachin,Mogaung,150615.76175055586,1632,148983.76175055586,0.171,0.566,0.262,0,0.262,39033.745578645634,0,39033.745578645634,40666,40665.745578645634,10166,0.2699966132760707,2601.5,1893.7,1327.7,52,0,514,1893.7,hrp,40666,10166
MMR001,MMR001007,Kachin,Mohnyin,237713.2149515665,392,237321.2149515665,0.171,0.566,0.262,0,0.262,62178.15831731043,0,62178.15831731043,62570,62570.15831731043,15643,0.26321699586646435,338.3,338,338,0,0,0,338,hrp,62570,15643
MMR001,MMR001012,Kachin,Momauk,71457.52921976405,25099,46358.52921976405,0.171,0.566,0.262,0,0.262,12145.934655578181,0,12145.934655578181,37245,37244.93465557818,9311,0.5212177787596497,22761.6,20191.8,19412.8,348,0,431,20191.8,hrp,37245,9311
MMR001,MMR001001,Kachin,Myitkyina,360733.65404065774,11726,349007.65404065774,0.171,0.566,0.262,0,0.262,91440.00535865233,0,91440.00535865233,103166,103166.00535865233,25792,0.2859894113096103,10563.4,9167.8,6991,1024,0,1152.8,9167.8,hrp,103166,25792
MMR001,MMR001017,Kachin,Nawngmun,8090.28166437326,0,8090.28166437326,0.171,0.566,0.262,0,0.262,2119.6537960657943,0,2119.6537960657943,2120,2119.6537960657943,0,0.262,0,0,0,0,0,0,0,NA,2120,0
MMR001,MMR001014,Kachin,Puta-O,69368.79863141889,498,68870.79863141889,0.171,0.566,0.262,0,0.262,18044.14924143175,0,18044.14924143175,18542,18542.14924143175,4636,0.26729811683712135,441.15,441,441,0,0,0,441,hrp,18542,4636
MMR001,MMR001011,Kachin,Shwegu,107655.37796938862,3129,104526.37796938862,0.171,0.566,0.262,0,0.262,27385.91102797982,0,27385.91102797982,30515,30514.91102797982,7629,0.28344994559079634,1687.5,1487.5,1487.5,0,0,0,1487.5,hrp,30515,7629
MMR001,MMR001015,Kachin,Sumprabum,2891.7390309552607,1203,1688.7390309552607,0.171,0.566,0.262,0,0.262,442.4496261102783,0,442.4496261102783,1645,1645.4496261102784,411,0.5690173312654422,1040.4,1040.4,1040.4,0,0,0,1040.4,hrp,1645,411
MMR001,MMR001004,Kachin,Tanai,68169.3970537721,1257,66912.3970537721,0.171,0.566,0.262,0,0.262,17531.04802808829,0,17531.04802808829,18788,18788.04802808829,4697,0.2756082471034364,1477.6,1307,1014,293,0,0,1307,hrp,18788,4697
MMR001,MMR001006,Kachin,Tsawlaw,7403.124510513114,0,7403.124510513114,0.171,0.566,0.262,0,0.262,1939.618621754436,0,1939.618621754436,1940,1939.618621754436,0,0.262,0,0,0,0,0,0,0,NA,1940,0
MMR001,MMR001002,Kachin,Waingmaw,142592.4921061458,26801,115791.4921061458,0.171,0.566,0.262,0,0.262,30337.3709318102,0,30337.3709318102,57138,57138.370931810205,14285,0.40071093567308175,28120.05,23656.75,20865,724.75,0,2067,23656.75,hrp,57138,14285
MMR002,MMR002005,Kayah,Bawlake,12712.895004683189,0,12712.895004683189,0.114,0,0.304,0.077,0.381,3864.7200814236894,978.8929153606056,4843.612996784295,4844,4843.612996784295,1000,0.381,0,0,0,0,0,0,0,NA,4844,1000
MMR002,MMR002002,Kayah,Demoso,91567.29695033768,52003,39564.29695033768,0.114,0,0.304,0.077,0.381,12027.546272902655,3046.4508651760016,15073.997138078656,67077,67076.99713807866,25000,0.7325431608454976,1943.5,1943.5,0,0,0,0,0,ierp,67077,25000
MMR002,MMR002006,Kayah,Hpasawng,29590.199595294787,120,29470.199595294787,0.114,0,0.304,0.077,0.381,8958.940676969614,2269.2053688376986,11228.146045807312,11348,11348.146045807312,8000,0.3835102906035081,0,0,0,0,0,0,0,NA,11348,8000
MMR002,MMR002003,Kayah,Hpruso,33960.40177042233,6572,27388.40177042233,0.114,0,0.304,0.077,0.381,8326.074138208389,2108.9069363225194,10434.981074530908,17007,17006.981074530908,4000,0.5007885710393175,1943.5,1943.5,0,0,0,0,0,ierp,17007,4000
MMR002,MMR002001,Kayah,Loikaw,148449.29351548982,21208,127241.29351548982,0.114,0,0.304,0.077,0.381,38681.353228708904,9797.579600692716,48478.932829401616,69687,69686.93282940162,25000,0.4694325663606489,1943.5,1943.5,0,0,0,0,0,ierp,69687,25000
MMR002,MMR002007,Kayah,Mese,7305.63691656903,320,6985.63691656903,0.114,0,0.304,0.077,0.381,2123.6336226369854,537.8940425758153,2661.5276652128005,2982,2981.5276652128005,900,0.4081133102099228,0,0,0,0,0,0,0,NA,2982,900
MMR002,MMR002004,Kayah,Shadaw,7794.683350452351,0,7794.683350452351,0.114,0,0.304,0.077,0.381,2369.583738537515,600.1906179848311,2969.774356522346,2970,2969.774356522346,500,0.381,0,0,0,0,0,0,0,NA,2970,500
MMR003,MMR003002,Kayin,Hlaingbwe,275878.0378153535,8228,267650.0378153535,0.121,0.571,0.282,0.026,0.308,75477.31066392967,6958.900983199191,82436.21164712886,90664,90664.21164712886,15000,0.32863874328340287,5187,5187,5187,0,0,0,5187,hrp,90664,15000
MMR003,MMR003001,Kayin,Hpa-An,437422.79044545017,151,437271.79044545017,0.121,0.571,0.282,0.026,0.308,123310.64490561694,11369.066551581704,134679.71145719863,134831,134830.71145719863,15000,0.30823888101462105,0,0,0,0,0,0,0,NA,134831,15000
MMR003,MMR003003,Kayin,Hpapun,36403.91058003586,47843,-11439.08941996414,0.121,0.571,0.282,0.026,0.308,-3225.8232164298875,-297.4163249190676,-3523.239541348955,44320,44319.76045865104,44320,1.2174450423729006,1668,1668,1668,0,0,0,1668,hrp,44320,44320
MMR003,MMR003006,Kayin,Kawkareik,228625.06669591743,0,228625.06669591743,0.121,0.571,0.282,0.026,0.308,64472.26880824871,5944.251734093853,70416.52054234257,70417,70416.52054234257,5000,0.308,0,0,0,0,0,0,0,NA,70417,5000
MMR003,MMR003007,Kayin,Kyainseikgyi,264429.2491780408,0,264429.2491780408,0.121,0.571,0.282,0.026,0.308,74569.0482682075,6875.16047862906,81444.20874683655,81444,81444.20874683655,5000,0.308,0,0,0,0,0,0,0,NA,81444,5000
MMR003,MMR003005,Kayin,Myawaddy,218454.5912361622,100,218354.5912361622,0.121,0.571,0.282,0.026,0.308,61575.99472859773,5677.219372140217,67253.21410073795,67353,67353.21410073795,5000,0.30831677063690177,0,0,0,0,0,0,0,NA,67353,5000
MMR003,MMR003004,Kayin,Thandaunggyi,99662.77380742782,2902,96760.77380742782,0.121,0.571,0.282,0.026,0.308,27286.538213694643,2515.7801189931233,29802.318332687766,32704,32704.318332687766,7000,0.328149790370879,0,0,0,0,0,0,0,NA,32704,7000
MMR004,MMR004001,Chin,Falam,51831.49727101556,4310,47521.49727101556,0.083,0.36,0.389,0.169,0.558,18485.862438425054,8031.13303880163,26516.995477226686,30827,30826.995477226686,7707,0.5947540993469486,0,0,0,0,0,0,0,NA,30827,7707
MMR004,MMR004002,Chin,Hakha,52127.97296104466,255,51872.97296104466,0.083,0.36,0.389,0.169,0.558,20178.586481846374,8766.532430416548,28945.118912262922,29200,29200.118912262922,20000,0.5601621788379193,0,0,0,0,0,0,0,NA,29200,20000
MMR004,MMR004008,Chin,Kanpetlet,23171.461839256557,1202,21969.461839256557,0.083,0.36,0.389,0.169,0.558,8546.1206554708,3712.839050834358,12258.959706305159,13461,13460.959706305159,5000,0.580928376452275,0,0,0,0,0,0,0,NA,13461,5000
MMR004,MMR004007,Chin,Matupi,55361.17512248934,0,55361.17512248934,0.083,0.36,0.389,0.169,0.558,21535.497122648354,9356.038595700698,30891.535718349052,30892,30891.535718349052,7723,0.558,0,0,0,0,0,0,0,NA,30892,7723
MMR004,MMR004006,Chin,Mindat,45926.77961905409,4820,41106.77961905409,0.083,0.36,0.389,0.169,0.558,15990.537271812042,6947.045755620142,22937.583027432185,27758,27757.583027432185,20000,0.6043877506254788,0,0,0,0,0,0,0,NA,27758,20000
MMR004,MMR004009,Chin,Paletwa,104632.20052507173,9841,94791.20052507173,0.083,0.36,0.389,0.169,0.558,36873.77700425291,16019.712888737124,52893.48989299003,62734,62734.48989299003,40000,0.5995715427771944,13275,5106,4845,0,0,1352,6197,hrp,62734,40000
MMR004,MMR004004,Chin,Tedim,94465.77959061916,0,94465.77959061916,0.083,0.36,0.389,0.169,0.558,36747.18826075085,15964.71675081464,52711.90501156549,52712,52711.90501156549,13178,0.5579999999999999,0,0,0,0,0,0,0,NA,52712,13178
MMR004,MMR004003,Chin,Thantlang,54307.87785282231,1394,52913.87785282231,0.083,0.36,0.389,0.169,0.558,20583.49848474788,8942.445357126971,29525.943841874854,30920,30919.943841874854,7730,0.5693454626540518,0,0,0,0,0,0,0,NA,30920,7730
MMR004,MMR004005,Chin,Tonzang,34367.46198817385,0,34367.46198817385,0.083,0.36,0.389,0.169,0.558,13368.942713399627,5808.1010760013805,19177.043789401007,19177,19177.043789401007,5000,0.5579999999999999,0,0,0,0,0,0,0,NA,19177,5000
MMR011,MMR011010,Mon,Bilin,174375.27232961828,1095,173280.27232961828,0.135,0.623,0.233,0.009,0.242,40374.30345280106,1559.5224509665645,41933.825903767625,43029,43028.825903767625,5000,0.24675990654472527,0,0,0,0,0,0,0,NA,43029,5000
MMR011,MMR011003,Mon,Chaungzon,117607.3699214522,0,117607.3699214522,0.135,0.623,0.233,0.009,0.242,27402.517191698367,1058.4663292930697,28460.983520991438,28461,12000,0,0.24200000000000005,0,0,0,0,0,0,0,NA,28461,0
MMR011,MMR011002,Mon,Kyaikmaraw,188565.08118107164,0,188565.08118107164,0.135,0.623,0.233,0.009,0.242,43935.663915189696,1697.0857306296446,45632.74964581934,45633,24000,0,0.24200000000000002,0,0,0,0,0,0,0,NA,45633,0
MMR011,MMR011009,Mon,Kyaikto,177704.36423321342,0,177704.36423321342,0.135,0.623,0.233,0.009,0.242,41405.11686633873,1599.3392780989207,43004.45614443765,43004,43004.45614443765,10000,0.24200000000000002,0,0,0,0,0,0,0,NA,43004,10000
MMR011,MMR011001,Mon,Mawlamyine,278680.7196406106,0,278680.7196406106,0.135,0.623,0.233,0.009,0.242,64932.607676262276,2508.1264767654952,67440.73415302778,67441,44000,0,0.24200000000000002,0,0,0,0,0,0,0,NA,67441,0
MMR011,MMR011005,Mon,Mudon,183679.78085508436,0,183679.78085508436,0.135,0.623,0.233,0.009,0.242,42797.38893923466,1653.118027695759,44450.50696693042,44451,27000,0,0.24200000000000002,0,0,0,0,0,0,0,NA,44451,0
MMR011,MMR011008,Mon,Paung,210376.07410109657,0,210376.07410109657,0.135,0.623,0.233,0.009,0.242,49017.62526555551,1893.384666909869,50911.00993246538,50911,34004,0,0.24200000000000005,0,0,0,0,0,0,0,NA,50911,0
MMR011,MMR011004,Mon,Thanbyuzayat,164226.21257492076,0,164226.21257492076,0.135,0.623,0.233,0.009,0.242,38264.70752995654,1478.0359131742869,39742.74344313083,39743,23000,0,0.24200000000000002,0,0,0,0,0,0,0,NA,39743,0
MMR011,MMR011007,Mon,Thaton,229296.140236455,0,229296.140236455,0.135,0.623,0.233,0.009,0.242,53426.000675094016,2063.6652621280946,55489.66593722211,55490,55489.66593722211,10000,0.24200000000000002,0,0,0,0,0,0,0,NA,55490,10000
MMR011,MMR011006,Mon,Ye,253869.98090638287,0,253869.98090638287,0.135,0.623,0.233,0.009,0.242,59151.70555118721,2284.8298281574457,61436.535379344656,61437,61436.535379344656,10000,0.242,0,0,0,0,0,0,0,NA,61437,10000
MMR012,MMR012014,Rakhine,Ann,123930.35613315948,3984,119946.35613315948,0.021,0.58,0.346,0.054,0.4,41501.439222073175,6477.103231190612,47978.542453263784,51963,51962.542453263784,1000,0.41928825248780516,6693,6693,4123,0,0,2570,6693,hrp,51963,1000
MMR012,MMR012010,Rakhine,Buthidaung,57501.30838010879,7030,50471.30838010879,0.021,0.58,0.346,0.054,0.4,17463.07269951764,2725.450652525875,20188.523352043514,27219,27218.523352043514,25000,0.4733548525907823,157500,121631,2751,0,110200,8680,121631,hrp,27219,25000
MMR012,MMR012017,Rakhine,Gwa,68340.06432105285,0,68340.06432105285,0.021,0.58,0.346,0.054,0.4,23645.662255084284,3690.363473336854,27336.025728421137,27336,12000,0,0.39999999999999997,0,0,0,0,0,0,0,NA,27336,0
MMR012,MMR012011,Rakhine,Kyaukpyu,171175.73756895756,1001,170174.73756895756,0.021,0.58,0.346,0.054,0.4,58880.45919885931,9189.435828723708,68069.89502758301,69071,47000,0,0.40350867481881325,893.7,864,864,0,0,0,864,hrp,69071,0
MMR012,MMR012004,Rakhine,Kyauktaw,179196.62400930474,15095,164101.62400930474,0.021,0.58,0.346,0.054,0.4,56779.16190721944,8861.487696502456,65640.64960372189,80736,80735.64960372189,40000,0.4505422468200613,66700.12970603122,52231,11100,0,38290,2841,52231,hrp,80736,40000
MMR012,MMR012009,Rakhine,Maungdaw,42221.457598032895,0,42221.457598032895,0.021,0.58,0.346,0.054,0.4,14608.62432891938,2279.958710293776,16888.583039213157,16889,16888.583039213157,16889,0.39999999999999997,97600,71360,0,0,51800,19560,71360,hrp,16889,16889
MMR012,MMR012005,Rakhine,Minbya,175167.54682476277,2922,172245.54682476277,0.021,0.58,0.346,0.054,0.4,59596.959201367914,9301.25952853719,68898.2187299051,71820,71820.2187299051,50000,0.41000870327740496,33345.54041597296,24875,3411,0,18480,2984,24875,hrp,71820,50000
MMR012,MMR012003,Rakhine,Mrauk-U,196308.81462093847,22743,173565.81462093847,0.021,0.58,0.346,0.054,0.4,60053.77185884471,9372.553989530677,69426.32584837539,92169,92169.32584837539,50000,0.4695119066678146,43487.59288340755,33568.61501838529,16211,0,14784,2573.615018385286,33568.61501838529,hrp,92169,50000
MMR012,MMR012012,Rakhine,Munaung,58972.356344968524,0,58972.356344968524,0.021,0.58,0.346,0.054,0.4,20404.435295359108,3184.5072426283004,23588.94253798741,23589,14000,0,0.39999999999999997,0,0,0,0,0,0,0,NA,23589,0
MMR012,MMR012006,Rakhine,Myebon,142024.9707551043,6579,135445.9707551043,0.021,0.58,0.346,0.054,0.4,46864.30588126608,7314.082420775632,54178.38830204171,60757,36000,0,0.427793704015659,6470,6470,6470,0,0,0,6470,hrp,60757,0
MMR012,MMR012007,Rakhine,Pauktaw,151097.64096202247,24429,126668.64096202247,0.021,0.58,0.346,0.054,0.4,43827.34977285977,6840.106611949213,50667.45638480899,75096,50000,0,0.4970061471951376,34902,28162,19202,0,8960,0,28162,hrp,75096,0
MMR012,MMR012002,Rakhine,Ponnagyun,134322.93214950498,2889,131433.93214950498,0.021,0.58,0.346,0.054,0.4,45476.14052372872,7097.432336073269,52573.572859801985,55463,37000,0,0.4129047212732869,3125,3125,3125,0,0,0,3125,hrp,55463,0
MMR012,MMR012013,Rakhine,Ramree,101338.74477697774,0,101338.74477697774,0.021,0.58,0.346,0.054,0.4,35063.20569283429,5472.292217956798,40535.49791079109,40535,26000,0,0.39999999999999997,0,0,0,0,0,0,0,NA,40535,0
MMR012,MMR012008,Rakhine,Rathedaung,115917.75145475383,19553,96364.75145475383,0.021,0.58,0.346,0.054,0.4,33342.20400334482,5203.696578556707,38545.90058190153,58099,58098.90058190153,10000,0.5012079673110228,29529,10453,4105,0,3100,3248,10453,hrp,58099,10000
MMR012,MMR012001,Rakhine,Sittwe,153108.0386733227,112456,40652.038673322706,0.021,0.58,0.346,0.054,0.4,14065.605380969655,2195.210088359426,16260.815469329082,128717,128716.81546932909,80000,0.8406927329528681,152558.9334272645,127749.75339908515,93317,0,32400,2032.7533990851464,127749.75339908515,hrp,128717,80000
MMR012,MMR012015,Rakhine,Thandwe,138185.3388749741,0,138185.3388749741,0.021,0.58,0.346,0.054,0.4,47812.12725074104,7462.008299248602,55274.135549989645,55274,36000,0,0.4,0,0,0,0,0,0,0,NA,55274,0
MMR012,MMR012016,Rakhine,Toungup,163917.80844747147,0,163917.80844747147,0.021,0.58,0.346,0.054,0.4,56715.56172282512,8851.56165616346,65567.12337898859,65567,44000,0,0.4,0,0,0,0,0,0,0,NA,65567,0
MMR013,MMR013037,Yangon,Ahlone,64567.03937827991,0,64567.03937827991,0.151,0.624,0.216,0.008,0.224,13946.48050570846,516.5363150262393,14463.0168207347,14463,18078.771025918373,18079,0.224,0,0,0,0,0,0,0,NA,18079,14463
MMR013,MMR013044,Yangon,Bahan,112571.62418693941,0,112571.62418693941,0.151,0.624,0.216,0.008,0.224,24315.470824378914,900.5729934955153,25216.04381787443,25216,31520.054772343035,31520,0.224,0,0,0,0,0,0,0,NA,31520,25216
MMR013,MMR013017,Yangon,Botahtaung,47707.829193478705,0,47707.829193478705,0.151,0.624,0.216,0.008,0.224,10304.8911057914,381.66263354782967,10686.55373933923,10687,13358.192174174037,13358,0.224,0,0,0,0,0,0,0,NA,13358,10687
MMR013,MMR013032,Yangon,Cocokyun,2257.670170395138,0,2257.670170395138,0.151,0.624,0.216,0.008,0.224,487.6567568053498,18.061361363161105,505.7181181685109,506,632.1476477106386,632,0.224,0,0,0,0,0,0,0,NA,632,506
MMR013,MMR013043,Yangon,Dagon,29189.115058686,0,29189.115058686,0.151,0.624,0.216,0.008,0.224,6304.848852676176,233.512920469488,6538.361773145663,6538,8172.952216432079,8173,0.22399999999999998,0,0,0,0,0,0,0,NA,8173,6538
MMR013,MMR013020,Yangon,Dagon Myothit (East),192749.1726712401,0,192749.1726712401,0.151,0.624,0.216,0.008,0.224,41633.821296987866,1541.993381369921,43175.81467835779,43176,53969.76834794724,53970,0.22400000000000003,0,0,0,0,0,0,0,NA,53970,43176
MMR013,MMR013019,Yangon,Dagon Myothit (North),237343.97727409672,0,237343.97727409672,0.151,0.624,0.216,0.008,0.224,51266.29909120489,1898.7518181927737,53165.050909397665,53165,66456.31363674709,66456,0.224,190909.0909090909,190909.0909090909,0,0,0,0,0,ierp,66456,53165
MMR013,MMR013021,Yangon,Dagon Myothit (Seikkan),194867.1931403737,0,194867.1931403737,0.151,0.624,0.216,0.008,0.224,42091.31371832072,1558.9375451229898,43650.251263443715,43650,54562.81407930465,54563,0.22400000000000003,199242.42424242425,199242.42424242425,0,0,0,0,0,ierp,54563,43650
MMR013,MMR013018,Yangon,Dagon Myothit (South),432502.10729209863,0,432502.10729209863,0.151,0.624,0.216,0.008,0.224,93420.4551750933,3460.016858336789,96880.4720334301,96880,121100.59004178763,121101,0.224,190909.0909090909,190909.0909090909,0,0,0,0,0,ierp,121101,96880
MMR013,MMR013030,Yangon,Dala,201161.9034247383,0,201161.9034247383,0.151,0.624,0.216,0.008,0.224,43450.97113974347,1609.2952273979065,45060.26636714138,45060,56325.33295892673,56325,0.22400000000000003,200589.0909090909,200589.0909090909,0,0,0,0,0,ierp,56325,45060
MMR013,MMR013014,Yangon,Dawbon,87659.28122938855,0,87659.28122938855,0.151,0.624,0.216,0.008,0.224,18934.404745547927,701.2742498351084,19635.678995383034,19636,24544.59874422879,24545,0.22399999999999998,0,0,0,0,0,0,0,NA,24545,19636
MMR013,MMR013040,Yangon,Hlaing,186556.8721678007,0,186556.8721678007,0.151,0.624,0.216,0.008,0.224,40296.28438824495,1492.4549773424055,41788.73936558736,41789,52235.9242069842,52236,0.22400000000000003,0,0,0,0,0,0,0,NA,52236,41789
MMR013,MMR013008,Yangon,Hlaingtharya,800503.5088140167,0,800503.5088140167,0.151,0.624,0.216,0.008,0.224,172908.75790382762,6404.028070512134,179312.78597433976,179313,227976,227976,0.224,204542.42424242425,204542.42424242425,0,0,0,0,0,ierp,227976,179313
MMR013,MMR013004,Yangon,Hlegu,315074.1647437887,0,315074.1647437887,0.151,0.624,0.216,0.008,0.224,68056.01958465837,2520.59331795031,70576.61290260867,70577,88220.76612826085,88221,0.224,0,0,0,0,0,0,0,NA,88221,70577
MMR013,MMR013003,Yangon,Hmawbi,284660.787304043,0,284660.787304043,0.151,0.624,0.216,0.008,0.224,61486.73005767329,2277.286298432344,63764.01635610563,63764,79705.02044513205,79705,0.224,0,0,0,0,0,0,0,NA,79705,63764
MMR013,MMR013006,Yangon,Htantabin,169665.07705270514,0,169665.07705270514,0.151,0.624,0.216,0.008,0.224,36647.65664338431,1357.320616421641,38004.97725980595,38005,27945.22684474341,2795,0.224,0,0,0,0,0,0,0,NA,2795,38005
MMR013,MMR013001,Yangon,Insein,355272.33125192724,0,355272.33125192724,0.151,0.624,0.216,0.008,0.224,76738.82355041629,2842.178650015418,79581.0022004317,79581,99476.25275053963,99476,0.224,190909.0909090909,190909.0909090909,0,0,0,0,0,ierp,99476,79581
MMR013,MMR013041,Yangon,Kamaryut,98416.9632165703,0,98416.9632165703,0.151,0.624,0.216,0.008,0.224,21258.064054779185,787.3357057325624,22045.399760511747,22045,27556.749700639684,27557,0.224,0,0,0,0,0,0,0,NA,27557,22045
MMR013,MMR013028,Yangon,Kawhmu,138544.1411265676,0,138544.1411265676,0.151,0.624,0.216,0.008,0.224,29925.534483338604,1108.3531290125409,31033.887612351144,31034,38792.35951543893,38792,0.22399999999999998,0,0,0,0,0,0,0,NA,38792,31034
MMR013,MMR013026,Yangon,Kayan,183894.21786374706,0,183894.21786374706,0.151,0.624,0.216,0.008,0.224,39721.15105856937,1471.1537429099765,41192.304801479346,41192,51490.38100184918,51490,0.224,0,0,0,0,0,0,0,NA,51490,41192
MMR013,MMR013029,Yangon,Kungyangon,129911.46209358246,0,129911.46209358246,0.151,0.624,0.216,0.008,0.224,28060.875812213813,1039.2916967486597,29100.167508962473,29100,36375.20938620309,36375,0.224,0,0,0,0,0,0,0,NA,36375,29100
MMR013,MMR013033,Yangon,Kyauktada,34741.35443134332,0,34741.35443134332,0.151,0.624,0.216,0.008,0.224,7504.132557170157,277.9308354507466,7782.063392620904,7782,9727.57924077613,9728,0.22399999999999998,0,0,0,0,0,0,0,NA,9728,7782
MMR013,MMR013024,Yangon,Kyauktan,194867.1931403737,0,194867.1931403737,0.151,0.624,0.216,0.008,0.224,42091.31371832072,1558.9375451229898,43650.251263443715,43650,54562.81407930465,54563,0.22400000000000003,0,0,0,0,0,0,0,NA,54563,43650
MMR013,MMR013038,Yangon,Kyeemyindaing,129774.13988734195,0,129774.13988734195,0.151,0.624,0.216,0.008,0.224,28031.214215665863,1038.1931190987357,29069.407334764597,29069,36336.75916845575,36337,0.224,0,0,0,0,0,0,0,NA,36337,29069
MMR013,MMR013035,Yangon,Lanmadaw,54882.332595791086,0,54882.332595791086,0.151,0.624,0.216,0.008,0.224,11854.583840690875,439.05866076632867,12293.642501457203,12294,15367.053126821504,15367,0.224,0,0,0,0,0,0,0,NA,15367,12294
MMR013,MMR013036,Yangon,Latha,29160.02137092318,0,29160.02137092318,0.151,0.624,0.216,0.008,0.224,6298.564616119406,233.28017096738543,6531.844787086792,6532,8164.80598385849,8165,0.224,0,0,0,0,0,0,0,NA,8165,6532
MMR013,MMR013042,Yangon,Mayangone,230553.5105502536,0,230553.5105502536,0.151,0.624,0.216,0.008,0.224,49799.558278854776,1844.4280844020288,51643.98636325681,51644,64554.98295407101,64555,0.22400000000000003,0,0,0,0,0,0,0,NA,64555,51644
MMR013,MMR013002,Yangon,Mingaladon,385882.3820209496,0,385882.3820209496,0.151,0.624,0.216,0.008,0.224,83350.59451652512,3087.059056167597,86437.65357269271,86438,108047.06696586589,108047,0.22399999999999998,0,0,0,0,0,0,0,NA,108047,86438
MMR013,MMR013022,Yangon,Mingalartaungnyunt,154189.56265790385,0,154189.56265790385,0.151,0.624,0.216,0.008,0.224,33304.94553410723,1233.5165012632308,34538.46203537046,34538,43173.077544213076,43173,0.22399999999999998,0,0,0,0,0,0,0,NA,43173,34538
MMR013,MMR013012,Yangon,North Okkalapa,387868.8990213952,0,387868.8990213952,0.151,0.624,0.216,0.008,0.224,83779.68218862136,3102.9511921711614,86882.63338079253,86883,108603.29172599065,108603,0.224,190909.0909090909,190909.0909090909,0,0,0,0,0,ierp,108603,86883
MMR013,MMR013034,Yangon,Pabedan,38794.68701045995,0,38794.68701045995,0.151,0.624,0.216,0.008,0.224,8379.652394259349,310.3574960836796,8690.009890343028,8690,10862.512362928785,10863,0.22399999999999998,0,0,0,0,0,0,0,NA,10863,8690
MMR013,MMR013016,Yangon,Pazundaung,56389.38562190537,0,56389.38562190537,0.151,0.624,0.216,0.008,0.224,12180.10729433156,451.11508497524295,12631.222379306802,12631,15789.027974133503,15789,0.22399999999999998,0,0,0,0,0,0,0,NA,15789,12631
MMR013,MMR013039,Yangon,Sanchaung,115931.36324979032,0,115931.36324979032,0.151,0.624,0.216,0.008,0.224,25041.17446195471,927.4509059983226,25968.62536795303,25969,32460.78170994129,32461,0.224,0,0,0,0,0,0,0,NA,32461,25969
MMR013,MMR013031,Yangon,Seikgyikanaungto,39570.90659997209,0,39570.90659997209,0.151,0.624,0.216,0.008,0.224,8547.315825593972,316.5672527997767,8863.883078393748,8864,11079.853847992184,11080,0.224,0,0,0,0,0,0,0,NA,11080,8864
MMR013,MMR013045,Yangon,Seikkan,3288.7504647096184,0,3288.7504647096184,0.151,0.624,0.216,0.008,0.224,710.3701003772776,26.31000371767695,736.6801040949546,737,920.8501301186932,921,0.224,0,0,0,0,0,0,0,NA,921,737
MMR013,MMR013007,Yangon,Shwepyithar,399777.52729647426,0,399777.52729647426,0.151,0.624,0.216,0.008,0.224,86351.94589603844,3198.220218371794,89550.16611441023,89550,111937.70764301278,111938,0.22399999999999998,208922.42424242425,208922.42424242425,0,0,0,0,0,ierp,111938,89550
MMR013,MMR013011,Yangon,South Okkalapa,187509.9813789108,0,187509.9813789108,0.151,0.624,0.216,0.008,0.224,40502.15597784473,1500.0798510312864,42002.23582887602,42002,52502.79478609503,52503,0.224,0,0,0,0,0,0,0,NA,52503,42002
MMR013,MMR013005,Yangon,Taikkyi,322669.94474490674,0,322669.94474490674,0.151,0.624,0.216,0.008,0.224,69696.70806489985,2581.359557959254,72278.0676228591,72278,90347.58452857388,90348,0.22399999999999998,0,0,0,0,0,0,0,NA,90348,72278
MMR013,MMR013015,Yangon,Tamwe,192382.59220542855,0,192382.59220542855,0.151,0.624,0.216,0.008,0.224,41554.639916372565,1539.0607376434284,43093.70065401599,43094,53867.12581751999,53867,0.22399999999999998,0,0,0,0,0,0,0,NA,53867,43094
MMR013,MMR013013,Yangon,Thaketa,256671.4959286959,0,256671.4959286959,0.151,0.624,0.216,0.008,0.224,55441.04312059831,2053.371967429567,57494.415088027876,57494,71868.01886003485,71868,0.22399999999999998,0,0,0,0,0,0,0,NA,71868,57494
MMR013,MMR013023,Yangon,Thanlyin,311957.6489106349,0,311957.6489106349,0.151,0.624,0.216,0.008,0.224,67382.85216469713,2495.6611912850794,69878.51335598221,69879,87348.14169497776,87348,0.22399999999999998,200589.0909090909,200589.0909090909,0,0,0,0,0,ierp,87348,69879
MMR013,MMR013009,Yangon,Thingangyun,243788.8109873174,0,243788.8109873174,0.151,0.624,0.216,0.008,0.224,52658.38317326056,1950.3104878985393,54608.6936611591,54609,68260.86707644888,68261,0.224,0,0,0,0,0,0,0,NA,68261,54609
MMR013,MMR013025,Yangon,Thongwa,183727.80196974368,0,183727.80196974368,0.151,0.624,0.216,0.008,0.224,39685.20522546463,1469.8224157579496,41155.02764122258,41155,51443.784551528224,51444,0.22399999999999998,0,0,0,0,0,0,0,NA,51444,41155
MMR013,MMR013027,Yangon,Twantay,263979.8302947172,0,263979.8302947172,0.151,0.624,0.216,0.008,0.224,57019.64334365892,2111.8386423577376,59131.48198601666,59131,73914.35248252083,73914,0.224,0,0,0,0,0,0,0,NA,73914,59131
MMR013,MMR013010,Yangon,Yankin,82563.23088085231,0,82563.23088085231,0.151,0.624,0.216,0.008,0.224,17833.657870264098,660.5058470468185,18494.163717310916,18494,23117.704646638645,23118,0.22399999999999998,0,0,0,0,0,0,0,NA,23118,18494
MMR016,MMR016001,Shan (East),Kengtung,190678.07106639686,0,190678.07106639686,0.158,0.475,0.352,0.016,0.368,67118.6810153717,3050.84913706235,70169.53015243405,70170,70169.53015243405,25000,0.368,0,0,0,0,0,0,0,NA,70170,25000
MMR016,MMR016010,Shan (East),Monghpyak,33949.185057131006,0,33949.185057131006,0.158,0.475,0.352,0.016,0.368,11950.113140110114,543.1869609140961,12493.30010102421,12493,4500,0,0.368,0,0,0,0,0,0,0,NA,12493,0
MMR016,MMR016006,Shan (East),Monghsat,116270.07026586277,0,116270.07026586277,0.158,0.475,0.352,0.016,0.368,40927.06473358369,1860.3211242538043,42787.38585783749,42787,42787.38585783749,10000,0.36799999999999994,0,0,0,0,0,0,0,NA,42787,10000
MMR016,MMR016002,Shan (East),Mongkhet,49472.748796437016,0,49472.748796437016,0.158,0.475,0.352,0.016,0.368,17414.407576345828,791.5639807429923,18205.97155708882,18206,7000,0,0.36799999999999994,0,0,0,0,0,0,0,NA,18206,0
MMR016,MMR016005,Shan (East),Mongla,47850.61860323728,0,47850.61860323728,0.158,0.475,0.352,0.016,0.368,16843.41774833952,765.6098976517965,17609.02764599132,17609,7000,0,0.368,0,0,0,0,0,0,0,NA,17609,0
MMR016,MMR016007,Shan (East),Mongping,76476.77232090256,0,76476.77232090256,0.158,0.475,0.352,0.016,0.368,26919.823856957697,1223.6283571344409,28143.452214092136,28143,11000,0,0.36799999999999994,0,0,0,0,0,0,0,NA,28143,0
MMR016,MMR016008,Shan (East),Mongton,77872.24870628536,0,77872.24870628536,0.158,0.475,0.352,0.016,0.368,27411.031544612444,1245.9559793005658,28656.98752391301,28657,11500,0,0.36799999999999994,0,0,0,0,0,0,0,NA,28657,0
MMR016,MMR016003,Shan (East),Mongyang,119598.77030615482,0,119598.77030615482,0.158,0.475,0.352,0.016,0.368,42098.7671477665,1913.5803248984773,44012.34747266497,44012,44012.34747266497,10000,0.368,0,0,0,0,0,0,0,NA,44012,10000
MMR016,MMR016011,Shan (East),Mongyawng,88761.63091419675,0,88761.63091419675,0.158,0.475,0.352,0.016,0.368,31244.094081797255,1420.1860946271481,32664.280176424403,32664,13000,0,0.368,0,0,0,0,0,0,0,NA,32664,0
MMR016,MMR016009,Shan (East),Tachileik,197003.26777179833,0,197003.26777179833,0.158,0.475,0.352,0.016,0.368,69345.15025567301,3152.0522843487734,72497.20254002178,72497,72497.20254002178,25000,0.368,0,0,0,0,0,0,0,NA,72497,25000
MMR015,MMR015021,Shan (North),Hopang,67885.03753733159,0,67885.03753733159,0.158,0.475,0.352,0.016,0.368,23895.53321314072,1086.1606005973056,24981.693813738024,24982,11000,0,0.368,0,0,0,0,0,0,0,NA,24982,0
MMR015,MMR015002,Shan (North),Hseni,62954.206169235404,267,62687.206169235404,0.158,0.475,0.352,0.016,0.368,22065.896571570862,1002.9952987077664,23068.89187027863,23336,23335.89187027863,5834,0.3706804245541017,881,444,60,0,0,384,444,hrp,23336,5834
MMR015,MMR015014,Shan (North),Hsipaw,195720.0072422465,310,195410.0072422465,0.158,0.475,0.352,0.016,0.368,68784.32254927077,3126.560115875944,71910.88266514671,72221,72220.88266514671,18055,0.36900102183093375,542,271,0,0,0,271,271,hrp,72221,18055
MMR015,MMR015023,Shan (North),Konkyan,66731.76963285124,0,66731.76963285124,0.158,0.475,0.352,0.016,0.368,23489.582910763635,1067.7083141256198,24557.291224889253,24557,21000,0,0.36799999999999994,0,0,0,0,0,0,0,NA,24557,0
MMR015,MMR015020,Shan (North),Kunlong,65300.739708987356,0,65300.739708987356,0.158,0.475,0.352,0.016,0.368,22985.86037756355,1044.8118353437976,24030.672212907346,24031,24030.672212907346,6008,0.368,0,0,0,0,0,0,0,NA,24031,6008
MMR015,MMR015011,Shan (North),Kutkai,194046.7688374802,4678,189368.7688374802,0.158,0.475,0.352,0.016,0.368,66657.80663079303,3029.900301399683,69687.70693219271,74366,74365.70693219271,18591,0.38323599706252337,6203.3,4677,3143,604,0,930,4677,hrp,74366,18591
MMR015,MMR015012,Shan (North),Kyaukme,191221.37357631102,5252,185969.37357631102,0.158,0.475,0.352,0.016,0.368,65461.21949886147,2975.5099772209765,68436.72947608244,73689,73688.72947608244,18422,0.38535822694880584,0,0,0,0,0,0,0,NA,73689,18422
MMR015,MMR015001,Shan (North),Lashio,359318.5035149055,0,359318.5035149055,0.158,0.475,0.352,0.016,0.368,126480.11323724674,5749.096056238488,132229.20929348524,132229,132229.20929348524,40000,0.36800000000000005,11.4,5.7,0,0,0,5.7,5.7,hrp,132229,40000
MMR015,MMR015022,Shan (North),Laukkaing,105382.9101541064,1000,104382.9101541064,0.158,0.475,0.352,0.016,0.368,36742.78437424545,1670.1265624657024,38412.91093671115,39413,14000,0,0.3739971773324137,11320.699999999999,4834,1000,787,0,3047,4834,hrp,39413,0
MMR015,MMR015018,Shan (North),Mabein,52661.4567789598,0,52661.4567789598,0.158,0.475,0.352,0.016,0.368,18536.83278619385,842.5833084633568,19379.416094657205,19379,19379.416094657205,4845,0.36799999999999994,0,0,0,0,0,0,0,NA,19379,4845
MMR015,MMR015019,Shan (North),Manton,42887.56684089259,304,42583.56684089259,0.158,0.475,0.352,0.016,0.368,14989.415527994192,681.3370694542815,15670.752597448472,15975,12000,0,0.3724798064836079,1242.9,682,278,0,0,404,682,hrp,15975,0
MMR015,MMR015024,Shan (North),Matman,21923.200665902245,0,21923.200665902245,0.158,0.475,0.352,0.016,0.368,7716.96663439759,350.77121065443595,8067.7378450520255,8068,8067.7378450520255,2017,0.368,0,0,0,0,0,0,0,NA,8068,2017
MMR015,MMR015008,Shan (North),Mongmao,78532.21126434059,0,78532.21126434059,0.158,0.475,0.352,0.016,0.368,27643.338365047883,1256.5153802294494,28899.85374527733,28900,14000,0,0.36799999999999994,0,0,0,0,0,0,0,NA,28900,0
MMR015,MMR015017,Shan (North),Mongmit,70362.67475023259,0,70362.67475023259,0.158,0.475,0.352,0.016,0.368,24767.66151208187,1125.8027960037214,25893.464308085593,25893,25893.464308085593,6473,0.368,0,0,0,0,0,0,0,NA,25893,6473
MMR015,MMR015003,Shan (North),Mongyai,65969.59065166286,0,65969.59065166286,0.158,0.475,0.352,0.016,0.368,23221.295909385324,1055.5134504266057,24276.80935981193,24277,24276.80935981193,6069,0.368,0,0,0,0,0,0,0,NA,24277,6069
MMR015,MMR015009,Shan (North),Muse,190888.05915305082,1713,189175.05915305082,0.158,0.475,0.352,0.016,0.368,66589.62082187389,3026.800946448813,69616.4217683227,71329,71329.4217683227,17832,0.37367147051944183,462.2,285,0,187,0,98,285,hrp,71329,17832
MMR015,MMR015010,Shan (North),Namhkan,118919.91993078153,1294,117625.91993078153,0.158,0.475,0.352,0.016,0.368,41404.32381563509,1882.0147188925046,43286.3385345276,44580,32000,0,0.3748769639306519,2489.6,1429.8,1247,58.8,0,124,1429.8,hrp,44580,0
MMR015,MMR015016,Shan (North),Namhsan,80222.11539026989,0,80222.11539026989,0.158,0.475,0.352,0.016,0.368,28238.184617375,1283.5538462443183,29521.738463619316,29522,18000,0,0.368,0,0,0,0,0,0,0,NA,29522,0
MMR015,MMR015015,Shan (North),Namtu,56022.37721350035,631,55391.37721350035,0.158,0.475,0.352,0.016,0.368,19497.764779152123,886.2620354160057,20384.02681456813,21015,21015.02681456813,5254,0.3751184412342984,1503.8000000000002,799,417,65,0,317,799,hrp,21015,5254
MMR015,MMR015006,Shan (North),Narphan,129081.56564790812,0,129081.56564790812,0.158,0.475,0.352,0.016,0.368,45436.71110806365,2065.30505036653,47502.01615843018,47502,47502.01615843018,11876,0.36799999999999994,0,0,0,0,0,0,0,NA,47502,11876
MMR015,MMR015013,Shan (North),Nawnghkio,166481.66603385995,0,166481.66603385995,0.158,0.475,0.352,0.016,0.368,58601.5464439187,2663.706656541759,61265.25310046045,61265,61265.25310046045,15316,0.36799999999999994,0,0,0,0,0,0,0,NA,61265,15316
MMR015,MMR015005,Shan (North),Pangsang (Panghkam),117739.98687244033,0,117739.98687244033,0.158,0.475,0.352,0.016,0.368,41444.47537909899,1883.8397899590454,43328.31516905804,43328,43328.31516905804,10832,0.368,0,0,0,0,0,0,0,NA,43328,10832
MMR015,MMR015007,Shan (North),Pangwaun,107879.43518432547,0,107879.43518432547,0.158,0.475,0.352,0.016,0.368,37973.561184882565,1726.0709629492076,39699.63214783177,39700,21000,0,0.368,0,0,0,0,0,0,0,NA,39700,0
MMR015,MMR015004,Shan (North),Tangyan,191994.66303827474,0,191994.66303827474,0.158,0.475,0.352,0.016,0.368,67582.1213894727,3071.914608612396,70654.03599808509,70654,70654.03599808509,17664,0.36799999999999994,0,0,0,0,0,0,0,NA,70654,17664
MMR017,MMR017024,Ayeyarwady,Bogale,322567.78432392236,0,322567.78432392236,0.139,0.558,0.285,0.018,0.303,91931.81853231786,5806.220117830602,97738.03865014846,97738,97738.03865014846,12706,0.30299999999999994,0,0,0,0,0,0,0,NA,97738,12706
MMR017,MMR017022,Ayeyarwady,Danubyu,179298.96276896607,0,179298.96276896607,0.139,0.558,0.285,0.018,0.303,51100.204389155326,3227.381329841389,54327.585718996714,54328,54327.585718996714,7063,0.303,0,0,0,0,0,0,0,NA,54328,7063
MMR017,MMR017026,Ayeyarwady,Dedaye,202864.86046430896,0,202864.86046430896,0.139,0.558,0.285,0.018,0.303,57816.48523232805,3651.567488357561,61468.05272068561,61468,61468.05272068561,7991,0.303,0,0,0,0,0,0,0,NA,61468,7991
MMR017,MMR017015,Ayeyarwady,Einme,194042.51934686952,0,194042.51934686952,0.139,0.558,0.285,0.018,0.303,55302.118013857806,3492.7653482436513,58794.88336210146,58795,58794.88336210146,7643,0.30299999999999994,0,0,0,0,0,0,0,NA,58795,7643
MMR017,MMR017008,Ayeyarwady,Hinthada,338333.0329836413,0,338333.0329836413,0.139,0.558,0.285,0.018,0.303,96424.91440033777,6089.994593705544,102514.90899404332,102515,102514.90899404332,13327,0.303,0,0,0,0,0,0,0,NA,102515,13327
MMR017,MMR017013,Ayeyarwady,Ingapu,214319.40828568256,0,214319.40828568256,0.139,0.558,0.285,0.018,0.303,61081.031361419526,3857.7493491422856,64938.78071056181,64939,64938.78071056181,8442,0.303,0,0,0,0,0,0,0,NA,64939,8442
MMR017,MMR017002,Ayeyarwady,Kangyidaunt,177936.37342697513,0,177936.37342697513,0.139,0.558,0.285,0.018,0.303,50711.866426687906,3202.8547216855522,53914.72114837346,53915,53914.72114837346,7009,0.30299999999999994,0,0,0,0,0,0,0,NA,53915,7009
MMR017,MMR017025,Ayeyarwady,Kyaiklat,193281.7486284138,0,193281.7486284138,0.139,0.558,0.285,0.018,0.303,55085.29835909793,3479.071475311448,58564.36983440937,58564,58564.36983440937,7613,0.30299999999999994,0,0,0,0,0,0,0,NA,58564,7613
MMR017,MMR017012,Ayeyarwady,Kyangin,96054.05117132452,0,96054.05117132452,0.139,0.558,0.285,0.018,0.303,27375.404583827487,1728.9729210838414,29104.37750491133,29104,29104.37750491133,3784,0.303,0,0,0,0,0,0,0,NA,29104,3784
MMR017,MMR017007,Ayeyarwady,Kyaunggon,162985.87921606208,0,162985.87921606208,0.139,0.558,0.285,0.018,0.303,46450.975576577686,2933.745825889117,49384.72140246681,49385,49384.72140246681,6420,0.303,0,0,0,0,0,0,0,NA,49385,6420
MMR017,MMR017005,Ayeyarwady,Kyonpyaw,235655.97785729854,0,235655.97785729854,0.139,0.558,0.285,0.018,0.303,67161.95368933008,4241.807601431374,71403.76129076145,71404,71403.76129076145,9282,0.303,0,0,0,0,0,0,0,NA,71404,9282
MMR017,MMR017016,Ayeyarwady,Labutta,315123.0280291265,0,315123.0280291265,0.139,0.558,0.285,0.018,0.303,89810.06298830106,5672.214504524277,95482.27749282533,95482,95482.27749282533,12413,0.303,0,0,0,0,0,0,0,NA,95482,12413
MMR017,MMR017010,Ayeyarwady,Lemyethna,102992.95991876331,0,102992.95991876331,0.139,0.558,0.285,0.018,0.303,29352.99357684754,1853.8732785377395,31206.86685538528,31207,31206.86685538528,4057,0.30299999999999994,0,0,0,0,0,0,0,NA,31207,4057
MMR017,MMR017019,Ayeyarwady,Maubin,313998.3669801612,0,313998.3669801612,0.139,0.558,0.285,0.018,0.303,89489.53458934595,5651.970605642901,95141.50519498884,95142,95141.50519498884,12368,0.303,0,0,0,0,0,0,0,NA,95142,12368
MMR017,MMR017018,Ayeyarwady,Mawlamyinegyun,311246.19643100415,0,311246.19643100415,0.139,0.558,0.285,0.018,0.303,88705.16598283617,5602.4315357580745,94307.59751859425,94308,94307.59751859425,12260,0.303,0,0,0,0,0,0,0,NA,94308,12260
MMR017,MMR017011,Ayeyarwady,Myanaung,218515.143772356,0,218515.143772356,0.139,0.558,0.285,0.018,0.303,62276.815975121455,3933.272587902408,66210.08856302386,66210,66210.08856302386,8607,0.303,0,0,0,0,0,0,0,NA,66210,8607
MMR017,MMR017014,Ayeyarwady,Myaungmya,298547.0237154422,0,298547.0237154422,0.139,0.558,0.285,0.018,0.303,85085.90175890103,5373.84642687796,90459.748185779,90460,90459.748185779,11760,0.303,0,0,0,0,0,0,0,NA,90460,11760
MMR017,MMR017004,Ayeyarwady,Ngapudaw,324381.2377842096,0,324381.2377842096,0.139,0.558,0.285,0.018,0.303,92448.65276849973,5838.862280115773,98287.5150486155,98288,98287.5150486155,12777,0.303,0,0,0,0,0,0,0,NA,98288,12777
MMR017,MMR017021,Ayeyarwady,Nyaungdon,215840.9497225939,0,215840.9497225939,0.139,0.558,0.285,0.018,0.303,61514.67067093926,3885.1370950066903,65399.80776594595,65400,65399.80776594595,8502,0.303,0,0,0,0,0,0,0,NA,65400,8502
MMR017,MMR017020,Ayeyarwady,Pantanaw,264516.27992181526,0,264516.27992181526,0.139,0.558,0.285,0.018,0.303,75387.13977771734,4761.293038592675,80148.43281631001,80148,80148.43281631001,10419,0.30299999999999994,0,0,0,0,0,0,0,NA,80148,10419
MMR017,MMR017001,Ayeyarwady,Pathein,380870.2131022873,0,380870.2131022873,0.139,0.558,0.285,0.018,0.303,108548.01073415187,6855.663835841171,115403.67456999305,115404,115403.67456999305,15002,0.303,0,0,0,0,0,0,0,NA,115404,15002
MMR017,MMR017023,Ayeyarwady,Pyapon,314027.3582427568,0,314027.3582427568,0.139,0.558,0.285,0.018,0.303,89497.79709918569,5652.492448369622,95150.28954755531,95150,95150.28954755531,12370,0.303,0,0,0,0,0,0,0,NA,95150,12370
MMR017,MMR017003,Ayeyarwady,Thabaung,154353.48085355895,0,154353.48085355895,0.139,0.558,0.285,0.018,0.303,43990.7420432643,2778.362655364061,46769.10469862836,46769,46769.10469862836,6080,0.303,0,0,0,0,0,0,0,NA,46769,6080
MMR017,MMR017017,Ayeyarwady,Wakema,289018.8953086076,0,289018.8953086076,0.139,0.558,0.285,0.018,0.303,82370.38516295316,5202.340115554936,87572.7252785081,87573,87572.7252785081,11384,0.30299999999999994,0,0,0,0,0,0,0,NA,87573,11384
MMR017,MMR017006,Ayeyarwady,Yegyi,194041.51964815924,0,194041.51964815924,0.139,0.558,0.285,0.018,0.303,55301.83309972538,3492.7473536668663,58794.58045339225,58795,58794.58045339225,7643,0.303,0,0,0,0,0,0,0,NA,58795,7643
MMR017,MMR017009,Ayeyarwady,Zalun,168152.32215033146,0,168152.32215033146,0.139,0.558,0.285,0.018,0.303,47923.41181284446,3026.741798705966,50950.15361155043,50950,50950.15361155043,6624,0.303,0,0,0,0,0,0,0,NA,50950,6624
MMR007,MMR007001,Bago (East),Bago,498305.6738756886,0,498305.6738756886,0.251,0.513,0.235,0,0.235,117101.83336078681,0,117101.83336078681,117102,117101.83336078681,17565,0.235,0,0,0,0,0,0,0,NA,117102,17565
MMR007,MMR007007,Bago (East),Daik-U,205361.95731276876,0,205361.95731276876,0.251,0.513,0.235,0,0.235,48260.05996850065,0,48260.05996850065,48260,48260.05996850065,7239,0.23499999999999996,0,0,0,0,0,0,0,NA,48260,7239
MMR007,MMR007014,Bago (East),Htantabin,118915.85891380176,0,118915.85891380176,0.251,0.513,0.235,0,0.235,27945.22684474341,0,27945.22684474341,27945,27945.22684474341,2795,0.235,0,0,0,0,0,0,0,NA,27945,2795
MMR007,MMR007003,Bago (East),Kawa,200122.70765377962,0,200122.70765377962,0.251,0.513,0.235,0,0.235,47028.836298638205,0,47028.836298638205,47029,47028.836298638205,7054,0.23499999999999996,0,0,0,0,0,0,0,NA,47029,7054
MMR007,MMR007011,Bago (East),Kyaukkyi,114913.6683962809,2513,112400.6683962809,0.251,0.513,0.235,0,0.235,26414.15707312601,0,26414.15707312601,28927,28927.15707312601,8000,0.25172947201868473,2513,2513,2513,0,0,0,2513,hrp,28927,8000
MMR007,MMR007006,Bago (East),Kyauktaga,254724.6729889659,0,254724.6729889659,0.251,0.513,0.235,0,0.235,59860.298152406984,0,59860.298152406984,59860,59860.298152406984,8979,0.235,0,0,0,0,0,0,0,NA,59860,8979
MMR007,MMR007005,Bago (East),Nyaunglebin,202272.3514078065,0,202272.3514078065,0.251,0.513,0.235,0,0.235,47534.00258083452,0,47534.00258083452,47534,47534.00258083452,4753,0.235,0,0,0,0,0,0,0,NA,47534,4753
MMR007,MMR007013,Bago (East),Oktwin,162062.85939557207,0,162062.85939557207,0.251,0.513,0.235,0,0.235,38084.771957959434,0,38084.771957959434,38085,38084.771957959434,3808,0.235,0,0,0,0,0,0,0,NA,38085,3808
MMR007,MMR007012,Bago (East),Phyu,260870.42336309663,0,260870.42336309663,0.251,0.513,0.235,0,0.235,61304.54949032771,0,61304.54949032771,61305,61304.54949032771,6130,0.235,0,0,0,0,0,0,0,NA,61305,6130
MMR007,MMR007008,Bago (East),Shwegyin,108964.63070530172,0,108964.63070530172,0.251,0.513,0.235,0,0.235,25606.688215745904,0,25606.688215745904,25607,25606.688215745904,2561,0.235,0,0,0,0,0,0,0,NA,25607,2561
MMR007,MMR007009,Bago (East),Taungoo,265720.30358739407,0,265720.30358739407,0.251,0.513,0.235,0,0.235,62444.2713430376,0,62444.2713430376,62444,62444.2713430376,6244,0.235,0,0,0,0,0,0,0,NA,62444,6244
MMR007,MMR007002,Bago (East),Thanatpin,147318.53400533367,0,147318.53400533367,0.251,0.513,0.235,0,0.235,34619.85549125341,0,34619.85549125341,34620,34619.85549125341,3462,0.235,0,0,0,0,0,0,0,NA,34620,3462
MMR007,MMR007004,Bago (East),Waw,178475.18666098692,0,178475.18666098692,0.251,0.513,0.235,0,0.235,41941.66886533192,0,41941.66886533192,41942,41941.66886533192,4194,0.235,0,0,0,0,0,0,0,NA,41942,4194
MMR007,MMR007010,Bago (East),Yedashe,216579.6501669196,0,216579.6501669196,0.251,0.513,0.235,0,0.235,50896.2177892261,0,50896.2177892261,50896,50896.2177892261,5090,0.235,0,0,0,0,0,0,0,NA,50896,5090
MMR008,MMR008014,Bago (West),Gyobingauk,119075.0542295481,0,119075.0542295481,0.251,0.513,0.235,0,0.235,27982.6377439438,0,27982.6377439438,27983,27982.6377439438,2798,0.235,0,0,0,0,0,0,0,NA,27983,2798
MMR008,MMR008008,Bago (West),Letpadan,179887.66484464705,0,179887.66484464705,0.251,0.513,0.235,0,0.235,42273.601238492054,0,42273.601238492054,42274,42273.601238492054,4227,0.235,0,0,0,0,0,0,0,NA,42274,4227
MMR008,MMR008009,Bago (West),Minhla,124203.77975212738,0,124203.77975212738,0.251,0.513,0.235,0,0.235,29187.88824174993,0,29187.88824174993,29188,29187.88824174993,2919,0.235,0,0,0,0,0,0,0,NA,29188,2919
MMR008,MMR008013,Bago (West),Monyo,129353.79891566637,0,129353.79891566637,0.251,0.513,0.235,0,0.235,30398.142745181594,0,30398.142745181594,30398,30398.142745181594,3040,0.235,0,0,0,0,0,0,0,NA,30398,3040
MMR008,MMR008012,Bago (West),Nattalin,174548.03087827645,0,174548.03087827645,0.251,0.513,0.235,0,0.235,41018.787256394964,0,41018.787256394964,41019,41018.787256394964,4102,0.235,0,0,0,0,0,0,0,NA,41019,4102
MMR008,MMR008010,Bago (West),Okpho,128433.10243988504,0,128433.10243988504,0.251,0.513,0.235,0,0.235,30181.77907337298,0,30181.77907337298,30182,30181.77907337298,3018,0.235,0,0,0,0,0,0,0,NA,30182,3018
MMR008,MMR008003,Bago (West),Padaung,146230.53035058329,0,146230.53035058329,0.251,0.513,0.235,0,0.235,34364.17463238707,0,34364.17463238707,34364,34364.17463238707,3436,0.235,0,0,0,0,0,0,0,NA,34364,3436
MMR008,MMR008002,Bago (West),Paukkhaung,126601.8493173508,0,126601.8493173508,0.251,0.513,0.235,0,0.235,29751.43458957744,0,29751.43458957744,29751,29751.43458957744,2975,0.235,0,0,0,0,0,0,0,NA,29751,2975
MMR008,MMR008004,Bago (West),Paungde,139484.50209796958,0,139484.50209796958,0.251,0.513,0.235,0,0.235,32778.85799302285,0,32778.85799302285,32779,32778.85799302285,3278,0.235,0,0,0,0,0,0,0,NA,32779,3278
MMR008,MMR008001,Bago (West),Pyay,255161.6996200912,0,255161.6996200912,0.251,0.513,0.235,0,0.235,59962.99941072143,0,59962.99941072143,59963,59962.99941072143,5996,0.235,0,0,0,0,0,0,0,NA,59963,5996
MMR008,MMR008006,Bago (West),Shwedaung,123372.31377179622,0,123372.31377179622,0.251,0.513,0.235,0,0.235,28992.49373637211,0,28992.49373637211,28992,28992.49373637211,2899,0.235,0,0,0,0,0,0,0,NA,28992,2899
MMR008,MMR008007,Bago (West),Thayarwady,153216.87255117073,0,153216.87255117073,0.251,0.513,0.235,0,0.235,36005.96504952512,0,36005.96504952512,36006,36005.96504952512,3601,0.235,0,0,0,0,0,0,0,NA,36006,3601
MMR008,MMR008005,Bago (West),Thegon,132788.15900759524,0,132788.15900759524,0.251,0.513,0.235,0,0.235,31205.21736678488,0,31205.21736678488,31205,31205.21736678488,3121,0.235,0,0,0,0,0,0,0,NA,31205,3121
MMR008,MMR008011,Bago (West),Zigon,68467.1675486599,0,68467.1675486599,0.251,0.513,0.235,0,0.235,16089.784373935076,0,16089.784373935076,16090,16089.784373935076,1609,0.235,0,0,0,0,0,0,0,NA,16090,1609
MMR009,MMR009016,Magway,Aunglan,233861.00356832598,0,233861.00356832598,0.226,0.563,0.21,0,0.21,49110.81074934846,0,49110.81074934846,49111,49110.81074934846,4911,0.21000000000000002,0,0,0,0,0,0,0,NA,49111,4911
MMR009,MMR009003,Magway,Chauk,184117.4949189052,0,184117.4949189052,0.226,0.563,0.21,0,0.21,38664.67393297009,0,38664.67393297009,38665,38664.67393297009,3866,0.20999999999999996,0,0,0,0,0,0,0,NA,38665,3866
MMR009,MMR009023,Magway,Gangaw,132523.7540308305,6250,126273.75403083049,0.226,0.563,0.21,0,0.21,26517.4883464744,0,26517.4883464744,32767,32767.4883464744,3277,0.24725747158393455,0,0,0,0,0,0,0,NA,32767,3277
MMR009,MMR009015,Magway,Kamma,74759.92110993135,0,74759.92110993135,0.226,0.563,0.21,0,0.21,15699.583433085583,0,15699.583433085583,15700,15699.583433085583,1570,0.21,0,0,0,0,0,0,0,NA,15700,1570
MMR009,MMR009001,Magway,Magway,287573.41447282815,0,287573.41447282815,0.226,0.563,0.21,0,0.21,60390.41703929391,0,60390.41703929391,60390,60390.41703929391,6039,0.21,0,0,0,0,0,0,0,NA,60390,6039
MMR009,MMR009007,Magway,Minbu,187093.17739622458,0,187093.17739622458,0.226,0.563,0.21,0,0.21,39289.56725320716,0,39289.56725320716,39290,39289.56725320716,3929,0.21,0,0,0,0,0,0,0,NA,39290,3929
MMR009,MMR009014,Magway,Mindon,59013.55990853376,0,59013.55990853376,0.226,0.563,0.21,0,0.21,12392.84758079209,0,12392.84758079209,12393,12392.84758079209,1239,0.21,0,0,0,0,0,0,0,NA,12393,1239
MMR009,MMR009013,Magway,Minhla,145236.76834338708,0,145236.76834338708,0.226,0.563,0.21,0,0.21,30499.721352111286,0,30499.721352111286,30500,29187.88824174993,2919,0.21,0,0,0,0,0,0,0,NA,30500,2919
MMR009,MMR009020,Magway,Myaing,224464.6871322603,0,224464.6871322603,0.226,0.563,0.21,0,0.21,47137.58429777466,0,47137.58429777466,47138,47137.58429777466,4714,0.21,0,0,0,0,0,0,0,NA,47138,4714
MMR009,MMR009005,Magway,Myothit,158588.06803864965,0,158588.06803864965,0.226,0.563,0.21,0,0.21,33303.494288116424,0,33303.494288116424,33303,33303.494288116424,3330,0.21,0,0,0,0,0,0,0,NA,33303,3330
MMR009,MMR009006,Magway,Natmauk,205798.31943708163,0,205798.31943708163,0.226,0.563,0.21,0,0.21,43217.647081787145,0,43217.647081787145,43218,43217.647081787145,4322,0.21000000000000002,0,0,0,0,0,0,0,NA,43218,4322
MMR009,MMR009009,Magway,Ngape,51840.30595802967,0,51840.30595802967,0.226,0.563,0.21,0,0.21,10886.46425118623,0,10886.46425118623,10886,10886.46425118623,1089,0.21,0,0,0,0,0,0,0,NA,10886,1089
MMR009,MMR009018,Magway,Pakokku,288460.2533534726,0,288460.2533534726,0.226,0.563,0.21,0,0.21,60576.653204229246,0,60576.653204229246,60577,60576.653204229246,6058,0.21,0,0,0,0,0,0,0,NA,60577,6058
MMR009,MMR009021,Magway,Pauk,170521.6185816712,0,170521.6185816712,0.226,0.563,0.21,0,0.21,35809.53990215095,0,35809.53990215095,35810,35809.53990215095,3581,0.21,0,0,0,0,0,0,0,NA,35810,3581
MMR009,MMR009008,Magway,Pwintbyu,162744.87673817252,0,162744.87673817252,0.226,0.563,0.21,0,0.21,34176.42411501623,0,34176.42411501623,34176,34176.42411501623,3418,0.21,0,0,0,0,0,0,0,NA,34176,3418
MMR009,MMR009010,Magway,Salin,234667.31111563844,0,234667.31111563844,0.226,0.563,0.21,0,0.21,49280.135334284074,0,49280.135334284074,49280,49280.135334284074,4928,0.21000000000000002,0,0,0,0,0,0,0,NA,49280,4928
MMR009,MMR009025,Magway,Saw,68299.51859151479,4904,63395.51859151479,0.226,0.563,0.21,0,0.21,13313.058904218105,0,13313.058904218105,18217,18217.058904218105,1822,0.2667230938064226,0,0,0,0,0,0,0,NA,18217,1822
MMR009,MMR009022,Magway,Seikphyu,102174.37771855226,0,102174.37771855226,0.226,0.563,0.21,0,0.21,21456.619320895974,0,21456.619320895974,21457,21456.619320895974,2146,0.21,0,0,0,0,0,0,0,NA,21457,2146
MMR009,MMR009011,Magway,Sidoktaya,47251.014172093855,0,47251.014172093855,0.226,0.563,0.21,0,0.21,9922.71297613971,0,9922.71297613971,9923,9922.71297613971,992,0.21000000000000002,0,0,0,0,0,0,0,NA,9923,992
MMR009,MMR009017,Magway,Sinbaungwe,117162.15364424167,0,117162.15364424167,0.226,0.563,0.21,0,0.21,24604.05226529075,0,24604.05226529075,24604,24604.05226529075,2460,0.21,0,0,0,0,0,0,0,NA,24604,2460
MMR009,MMR009004,Magway,Taungdwingyi,258356.4478971576,0,258356.4478971576,0.226,0.563,0.21,0,0.21,54254.85405840309,0,54254.85405840309,54255,54254.85405840309,5425,0.21,0,0,0,0,0,0,0,NA,54255,5425
MMR009,MMR009012,Magway,Thayet,103743.24739753983,0,103743.24739753983,0.226,0.563,0.21,0,0.21,21786.081953483364,0,21786.081953483364,21786,21786.081953483364,2179,0.21,0,0,0,0,0,0,0,NA,21786,2179
MMR009,MMR009024,Magway,Tilin,48583.26092104402,0,48583.26092104402,0.226,0.563,0.21,0,0.21,10202.484793419244,0,10202.484793419244,10202,10202.484793419244,1020,0.21,0,0,0,0,0,0,0,NA,10202,1020
MMR009,MMR009002,Magway,Yenangyaung,133450.36147114506,0,133450.36147114506,0.226,0.563,0.21,0,0.21,28024.575908940464,0,28024.575908940464,28025,28024.575908940464,2802,0.21,0,0,0,0,0,0,0,NA,28025,2802
MMR009,MMR009019,Magway,Yesagyo,214105.97155217687,0,214105.97155217687,0.226,0.563,0.21,0,0.21,44962.25402595714,0,44962.25402595714,44962,44962.25402595714,4496,0.21,0,0,0,0,0,0,0,NA,44962,4496
MMR010,MMR010006,Mandalay,Amarapura,253098.54149568605,0,253098.54149568605,0.263,0.62,0.118,0,0.118,29865.62789649095,0,29865.62789649095,29866,29865.62789649095,2987,0.118,0,0,0,0,0,0,0,NA,29866,2987
MMR010,MMR010001,Mandalay,Aungmyaythazan,283094.198504246,0,283094.198504246,0.263,0.62,0.118,0,0.118,33405.115423501025,0,33405.115423501025,33405,33405.115423501025,3341,0.11799999999999998,0,0,0,0,0,0,0,NA,33405,3341
MMR010,MMR010002,Mandalay,Chanayethazan,210020.72620513552,0,210020.72620513552,0.263,0.62,0.118,0,0.118,24782.44569220599,0,24782.44569220599,24782,24782.44569220599,2478,0.118,190909.0909090909,190909.0909090909,0,0,0,0,0,ierp,24782,2478
MMR010,MMR010004,Mandalay,Chanmyathazi,302269.0082577384,0,302269.0082577384,0.263,0.62,0.118,0,0.118,35667.74297441313,0,35667.74297441313,35668,35667.74297441313,3567,0.11800000000000001,0,0,0,0,0,0,0,NA,35668,3567
MMR010,MMR010020,Mandalay,Kyaukpadaung,278971.0072723958,0,278971.0072723958,0.263,0.62,0.118,0,0.118,32918.5788581427,0,32918.5788581427,32919,32918.5788581427,3292,0.11799999999999998,0,0,0,0,0,0,0,NA,32919,3292
MMR010,MMR010013,Mandalay,Kyaukse,274709.3466889205,0,274709.3466889205,0.263,0.62,0.118,0,0.118,32415.70290929262,0,32415.70290929262,32416,32415.70290929262,3242,0.118,0,0,0,0,0,0,0,NA,32416,3242
MMR010,MMR010009,Mandalay,Madaya,274809.470681634,0,274809.470681634,0.263,0.62,0.118,0,0.118,32427.517540432807,0,32427.517540432807,32428,32427.517540432807,3243,0.118,0,0,0,0,0,0,0,NA,32428,3243
MMR010,MMR010003,Mandalay,Mahaaungmyay,256821.2367566823,0,256821.2367566823,0.263,0.62,0.118,0,0.118,30304.90593728851,0,30304.90593728851,30305,30304.90593728851,3030,0.118,190909.0909090909,190909.0909090909,0,0,0,0,0,ierp,30305,3030
MMR010,MMR010029,Mandalay,Mahlaing,148510.50991557463,0,148510.50991557463,0.263,0.62,0.118,0,0.118,17524.240170037807,0,17524.240170037807,17524,17524.240170037807,1752,0.11800000000000001,0,0,0,0,0,0,0,NA,17524,1752
MMR010,MMR010028,Mandalay,Meiktila,329837.1910174255,0,329837.1910174255,0.263,0.62,0.118,0,0.118,38920.78854005621,0,38920.78854005621,38921,38920.78854005621,3892,0.118,0,0,0,0,0,0,0,NA,38921,3892
MMR010,MMR010011,Mandalay,Mogoke,178038.56657518548,0,178038.56657518548,0.263,0.62,0.118,0,0.118,21008.550855871887,0,21008.550855871887,21009,21008.550855871887,2101,0.118,0,0,0,0,0,0,0,NA,21009,2101
MMR010,MMR010017,Mandalay,Myingyan,294083.33927898115,0,294083.33927898115,0.263,0.62,0.118,0,0.118,34701.834034919775,0,34701.834034919775,34702,34701.834034919775,3470,0.118,0,0,0,0,0,0,0,NA,34702,3470
MMR010,MMR010015,Mandalay,Myittha,208374.00606965614,0,208374.00606965614,0.263,0.62,0.118,0,0.118,24588.132716219425,0,24588.132716219425,24588,24588.132716219425,2459,0.118,0,0,0,0,0,0,0,NA,24588,2459
MMR010,MMR010019,Mandalay,Natogyi,188614.4295927627,0,188614.4295927627,0.263,0.62,0.118,0,0.118,22256.502691945996,0,22256.502691945996,22257,22256.502691945996,2226,0.118,0,0,0,0,0,0,0,NA,22257,2226
MMR010,MMR010021,Mandalay,Ngazun,132326.63815718322,0,132326.63815718322,0.263,0.62,0.118,0,0.118,15614.54330254762,0,15614.54330254762,15615,15614.54330254762,1561,0.118,0,0,0,0,0,0,0,NA,15615,1561
MMR010,MMR010022,Mandalay,Nyaung-U,255579.27318749158,0,255579.27318749158,0.263,0.62,0.118,0,0.118,30158.354236124003,0,30158.354236124003,30158,30158.354236124003,3016,0.118,0,0,0,0,0,0,0,NA,30158,3016
MMR010,MMR010007,Mandalay,Patheingyi,280906.3827485704,0,280906.3827485704,0.263,0.62,0.118,0,0.118,33146.95316433131,0,33146.95316433131,33147,33146.95316433131,3315,0.11800000000000001,0,0,0,0,0,0,0,NA,33147,3315
MMR010,MMR010024,Mandalay,Pyawbwe,277250.79186566925,0,277250.79186566925,0.263,0.62,0.118,0,0.118,32715.59344014897,0,32715.59344014897,32716,32715.59344014897,3272,0.118,0,0,0,0,0,0,0,NA,32716,3272
MMR010,MMR010005,Mandalay,Pyigyitagon,253183.75340437837,0,253183.75340437837,0.263,0.62,0.118,0,0.118,29875.682901716646,0,29875.682901716646,29876,29875.682901716646,2988,0.118,0,0,0,0,0,0,0,NA,29876,2988
MMR010,MMR010008,Mandalay,Pyinoolwin,272154.0545770091,0,272154.0545770091,0.263,0.62,0.118,0,0.118,32114.178440087075,0,32114.178440087075,32114,32114.178440087075,3211,0.118,0,0,0,0,0,0,0,NA,32114,3211
MMR010,MMR010010,Mandalay,Singu,167851.48289101702,0,167851.48289101702,0.263,0.62,0.118,0,0.118,19806.474981140007,0,19806.474981140007,19806,19806.474981140007,1981,0.118,0,0,0,0,0,0,0,NA,19806,1981
MMR010,MMR010014,Mandalay,Sintgaing,158619.83773306131,0,158619.83773306131,0.263,0.62,0.118,0,0.118,18717.140852501234,0,18717.140852501234,18717,18717.140852501234,1872,0.118,0,0,0,0,0,0,0,NA,18717,1872
MMR010,MMR010016,Mandalay,Tada-U,147647.73934006476,0,147647.73934006476,0.263,0.62,0.118,0,0.118,17422.43324212764,0,17422.43324212764,17422,17422.43324212764,1742,0.118,0,0,0,0,0,0,0,NA,17422,1742
MMR010,MMR010018,Mandalay,Taungtha,230755.97903655615,0,230755.97903655615,0.263,0.62,0.118,0,0.118,27229.205526313624,0,27229.205526313624,27229,27229.205526313624,2723,0.118,0,0,0,0,0,0,0,NA,27229,2723
MMR010,MMR010012,Mandalay,Thabeikkyin,174366.9984594045,0,174366.9984594045,0.263,0.62,0.118,0,0.118,20575.30581820973,0,20575.30581820973,20575,20575.30581820973,2058,0.118,0,0,0,0,0,0,0,NA,20575,2058
MMR010,MMR010030,Mandalay,Thazi,215884.3706720267,0,215884.3706720267,0.263,0.62,0.118,0,0.118,25474.35573929915,0,25474.35573929915,25474,25474.35573929915,2547,0.118,0,0,0,0,0,0,0,NA,25474,2547
MMR010,MMR010031,Mandalay,Wundwin,244728.60176438157,0,244728.60176438157,0.263,0.62,0.118,0,0.118,28877.975008197023,0,28877.975008197023,28878,28877.975008197023,2888,0.118,0,0,0,0,0,0,0,NA,28878,2888
MMR010,MMR010023,Mandalay,Yamethin,274905.3340789128,0,274905.3340789128,0.263,0.62,0.118,0,0.118,32438.829421311708,0,32438.829421311708,32439,32438.829421311708,3244,0.118,0,0,0,0,0,0,0,NA,32439,3244
MMR005,MMR005014,Sagaing,Ayadaw,163596.30355856032,0,163596.30355856032,0.2487,0.5994,0.1395,0.0134,0.1529,22821.684346419166,2192.1904676847084,25013.874814103874,25014,25013.874814103874,2501,0.1529,0,0,0,0,0,0,0,NA,25014,2501
MMR005,MMR005023,Sagaing,Banmauk,118329.50284932094,0,118329.50284932094,0.2487,0.5994,0.1395,0.0134,0.1529,16506.965647480272,1585.6153381809006,18092.580985661174,18093,18092.580985661174,1809,0.1529,0,0,0,0,0,0,0,NA,18093,1809
MMR005,MMR005013,Sagaing,Budalin,129746.76440961284,0,129746.76440961284,0.2487,0.5994,0.1395,0.0134,0.1529,18099.673635140993,1738.606643088812,19838.280278229806,19838,19838.280278229806,1984,0.15290000000000004,0,0,0,0,0,0,0,NA,19838,1984
MMR005,MMR005015,Sagaing,Chaung-U,111279.17842155536,0,111279.17842155536,0.2487,0.5994,0.1395,0.0134,0.1529,15523.445389806975,1491.140990848842,17014.586380655815,17015,17014.586380655815,1701,0.1529,0,0,0,0,0,0,0,NA,17015,1701
MMR005,MMR005033,Sagaing,Hkamti,50052.78736458388,0,50052.78736458388,0.2487,0.5994,0.1395,0.0134,0.1529,6982.363837359451,670.707350685424,7653.071188044875,7653,7653.071188044875,765,0.1529,0,0,0,0,0,0,0,NA,7653,765
MMR005,MMR005034,Sagaing,Homalin,271180.7044831875,0,271180.7044831875,0.2487,0.5994,0.1395,0.0134,0.1529,37829.708275404664,3633.821440074713,41463.52971547938,41464,41463.52971547938,4146,0.15290000000000004,0,0,0,0,0,0,0,NA,41464,4146
MMR005,MMR005021,Sagaing,Indaw,126309.298023187,0,126309.298023187,0.2487,0.5994,0.1395,0.0134,0.1529,17620.14707423459,1692.544593510706,19312.691667745294,19313,19312.691667745294,1931,0.1529,0,0,0,0,0,0,0,NA,19313,1931
MMR005,MMR005027,Sagaing,Kale,366088.59478020685,100,365988.59478020685,0.2487,0.5994,0.1395,0.0134,0.1529,51055.408971838864,4904.247170054772,55959.65614189363,56060,56195,5620,0.1531313920761472,0,0,0,0,0,0,0,NA,56060,5620
MMR005,MMR005028,Sagaing,Kalewa,59267.67586886143,0,59267.67586886143,0.2487,0.5994,0.1395,0.0134,0.1529,8267.84078370617,794.1868566427431,9062.027640348913,9062,9062.027640348913,906,0.1529,0,0,0,0,0,0,0,NA,9062,906
MMR005,MMR005007,Sagaing,Kanbalu,310412.7719640728,0,310412.7719640728,0.2487,0.5994,0.1395,0.0134,0.1529,43302.58168898815,4159.531144318576,47462.11283330673,47462,47462.11283330673,4746,0.1529,0,0,0,0,0,0,0,NA,47462,4746
MMR005,MMR005017,Sagaing,Kani,141301.6086453162,3500,137801.6086453162,0.2487,0.5994,0.1395,0.0134,0.1529,19223.324406021613,1846.5415558472373,21069.86596186885,24570,24569.86596186885,2457,0.17388242212827262,0,0,0,0,0,0,0,NA,24570,2457
MMR005,MMR005020,Sagaing,Katha,176162.5379959527,0,176162.5379959527,0.2487,0.5994,0.1395,0.0134,0.1529,24574.674050435406,2360.5780091457664,26935.252059581173,26935,26935.252059581173,2694,0.15290000000000004,0,0,0,0,0,0,0,NA,26935,2694
MMR005,MMR005024,Sagaing,Kawlin,152598.09152108652,0,152598.09152108652,0.2487,0.5994,0.1395,0.0134,0.1529,21287.43376719157,2044.8144263825595,23332.24819357413,23332,23332.24819357413,2333,0.1529,0,0,0,0,0,0,0,NA,23332,2333
MMR005,MMR005005,Sagaing,Khin-U,153816.38086060813,0,153816.38086060813,0.2487,0.5994,0.1395,0.0134,0.1529,21457.385130054838,2061.139503532149,23518.524633586985,23519,23518.524633586985,2352,0.1529,0,0,0,0,0,0,0,NA,23519,2352
MMR005,MMR005008,Sagaing,Kyunhla,109317.31248515345,0,109317.31248515345,0.2487,0.5994,0.1395,0.0134,0.1529,15249.765091678908,1464.8519873010564,16714.617078979965,16715,16714.617078979965,1671,0.15290000000000004,0,0,0,0,0,0,0,NA,16715,1671
MMR005,MMR005036,Sagaing,Lahe,57088.40830032074,0,57088.40830032074,0.2487,0.5994,0.1395,0.0134,0.1529,7963.832957894744,764.9846712242979,8728.817629119043,8729,8728.817629119043,873,0.15290000000000004,0,0,0,0,0,0,0,NA,8729,873
MMR005,MMR005035,Sagaing,Lay Shi,11018.166776655535,0,11018.166776655535,0.2487,0.5994,0.1395,0.0134,0.1529,1537.0342653434473,147.64343480718418,1684.6777001506314,1685,1684.6777001506314,168,0.1529,0,0,0,0,0,0,0,NA,1685,168
MMR005,MMR005031,Sagaing,Mawlaik,53892.49928293797,0,53892.49928293797,0.2487,0.5994,0.1395,0.0134,0.1529,7518.003649969847,722.1594903913689,8240.163140361215,8240,8240.163140361215,824,0.1529,0,0,0,0,0,0,0,NA,8240,824
MMR005,MMR005029,Sagaing,Mingin,109607.18132800513,0,109607.18132800513,0.2487,0.5994,0.1395,0.0134,0.1529,15290.201795256717,1468.7362297952689,16758.938025051986,16759,16758.938025051986,1676,0.1529,0,0,0,0,0,0,0,NA,16759,1676
MMR005,MMR005012,Sagaing,Monywa,390792.56188729784,0,390792.56188729784,0.2487,0.5994,0.1395,0.0134,0.1529,54515.562383278055,5236.620329289791,59752.18271256785,59752,59752.18271256785,5975,0.1529,0,0,0,0,0,0,0,NA,59752,5975
MMR005,MMR005003,Sagaing,Myaung,111758.09216191898,15000,96758.09216191898,0.2487,0.5994,0.1395,0.0134,0.1529,13497.753856587698,1296.5584349697144,14794.312291557413,29794,29794.312291557413,2979,0.2665964648751375,0,0,0,0,0,0,0,NA,29794,2979
MMR005,MMR005002,Sagaing,Myinmu,112361.98558452666,0,112361.98558452666,0.2487,0.5994,0.1395,0.0134,0.1529,15674.49698904147,1505.6506068326573,17180.14759587413,17180,17180.14759587413,1718,0.15290000000000004,0,0,0,0,0,0,0,NA,17180,1718
MMR005,MMR005037,Sagaing,Nanyun,54591.96540373222,0,54591.96540373222,0.2487,0.5994,0.1395,0.0134,0.1529,7615.579173820645,731.5323364100118,8347.111510230658,8347,8347.111510230658,835,0.15290000000000004,0,0,0,0,0,0,0,NA,8347,835
MMR005,MMR005019,Sagaing,Pale,151242.21950615357,0,151242.21950615357,0.2487,0.5994,0.1395,0.0134,0.1529,21098.289621108426,2026.645741382458,23124.935362490884,23125,23124.935362490884,2312,0.1529,0,0,0,0,0,0,0,NA,23125,2312
MMR005,MMR005032,Sagaing,Paungbyin,118356.80933451711,0,118356.80933451711,0.2487,0.5994,0.1395,0.0134,0.1529,16510.77490216514,1585.9812450825293,18096.75614724767,18097,18096.75614724767,1810,0.15290000000000004,0,0,0,0,0,0,0,NA,18097,1810
MMR005,MMR005026,Sagaing,Pinlebu,117594.32824788554,0,117594.32824788554,0.2487,0.5994,0.1395,0.0134,0.1529,16404.408790580033,1575.7639985216663,17980.1727891017,17980,17980.1727891017,1798,0.1529,0,0,0,0,0,0,0,NA,17980,1798
MMR005,MMR005001,Sagaing,Sagaing,322630.3235904986,0,322630.3235904986,0.2487,0.5994,0.1395,0.0134,0.1529,45006.93014087456,4323.246336112681,49330.17647698724,49330,49330.17647698724,4933,0.1529,0,0,0,0,0,0,0,NA,49330,4933
MMR005,MMR005018,Sagaing,Salingyi,127928.78264520611,0,127928.78264520611,0.2487,0.5994,0.1395,0.0134,0.1529,17846.065179006255,1714.2456874457619,19560.310866452015,19560,19560.310866452015,1956,0.1529,0,0,0,0,0,0,0,NA,19560,1956
MMR005,MMR005004,Sagaing,Shwebo,280213.89983596734,0,280213.89983596734,0.2487,0.5994,0.1395,0.0134,0.1529,39089.83902711745,3754.8662578019625,42844.705284919415,42845,42844.705284919415,4284,0.15290000000000004,0,0,0,0,0,0,0,NA,42845,4284
MMR005,MMR005010,Sagaing,Tabayin,147890.87357303873,0,147890.87357303873,0.2487,0.5994,0.1395,0.0134,0.1529,20630.776863438903,1981.737705878719,22612.514569317624,22613,22612.514569317624,2261,0.1529,0,0,0,0,0,0,0,NA,22613,2261
MMR005,MMR005030,Sagaing,Tamu,120641.10184611999,0,120641.10184611999,0.2487,0.5994,0.1395,0.0134,0.1529,16829.43370753374,1616.590764738008,18446.024472271747,18446,18446.024472271747,1845,0.1529,0,0,0,0,0,0,0,NA,18446,1845
MMR005,MMR005011,Sagaing,Taze,173406.68349000052,0,173406.68349000052,0.2487,0.5994,0.1395,0.0134,0.1529,24190.232346855075,2323.649558766007,26513.88190562108,26514,26513.88190562108,2651,0.1529,0,0,0,0,0,0,0,NA,26514,2651
MMR005,MMR005022,Sagaing,Tigyaing,136485.16475648366,0,136485.16475648366,0.2487,0.5994,0.1395,0.0134,0.1529,19039.68048352947,1828.9012077368811,20868.581691266354,20869,20868.581691266354,2087,0.1529,0,0,0,0,0,0,0,NA,20869,2087
MMR005,MMR005006,Sagaing,Wetlet,206075.74227892887,0,206075.74227892887,0.2487,0.5994,0.1395,0.0134,0.1529,28747.56604791058,2761.4149465376468,31508.980994448226,31509,31508.980994448226,3151,0.1529,0,0,0,0,0,0,0,NA,31509,3151
MMR005,MMR005025,Sagaing,Wuntho,77083.05696050264,0,77083.05696050264,0.2487,0.5994,0.1395,0.0134,0.1529,10753.086445990119,1032.9129632707354,11785.999409260854,11786,11785.999409260854,1179,0.1529,0,0,0,0,0,0,0,NA,11786,1179
MMR005,MMR005009,Sagaing,Ye-U,124234.00514827788,0,124234.00514827788,0.2487,0.5994,0.1395,0.0134,0.1529,17330.643718184765,1664.7356689869237,18995.379387171688,18995,18995.379387171688,1900,0.1529,0,0,0,0,0,0,0,NA,18995,1900
MMR005,MMR005016,Sagaing,Yinmarbin,148589.28944440238,0,148589.28944440238,0.2487,0.5994,0.1395,0.0134,0.1529,20728.205877494136,1991.096478554992,22719.302356049127,22719,22719.302356049127,2272,0.1529,0,0,0,0,0,0,0,NA,22719,2272
MMR006,MMR006010,Tanintharyi,Bokpyin,86800.59531694955,0,86800.59531694955,0.135,0.623,0.233,0.009,0.242,20224.538708849246,781.2053578525458,21005.74406670179,21006,21005.74406670179,3151,0.242,0,0,0,0,0,0,0,NA,21006,3151
MMR006,MMR006001,Tanintharyi,Dawei,156104.6855057658,0,156104.6855057658,0.135,0.623,0.233,0.009,0.242,36372.39172284344,1404.9421695518922,37777.33389239533,37777,37777.33389239533,5667,0.242,0,0,0,0,0,0,0,NA,37777,5667
MMR006,MMR006009,Tanintharyi,Kawthoung,148728.7911632599,0,148728.7911632599,0.135,0.623,0.233,0.009,0.242,34653.80834103956,1338.5591204693392,35992.367461508904,35992,35992.367461508904,5399,0.24200000000000002,0,0,0,0,0,0,0,NA,35992,5399
MMR006,MMR006006,Tanintharyi,Kyunsu,182435.48113600473,0,182435.48113600473,0.135,0.623,0.233,0.009,0.242,42507.4671046891,1641.9193302240424,44149.38643491315,44149,44149.38643491315,6622,0.24200000000000002,0,0,0,0,0,0,0,NA,44149,6622
MMR006,MMR006002,Tanintharyi,Launglon,125675.93475263125,0,125675.93475263125,0.135,0.623,0.233,0.009,0.242,29282.492797363084,1131.0834127736812,30413.576210136765,30414,30413.576210136765,4562,0.24200000000000002,0,0,0,0,0,0,0,NA,30414,4562
MMR006,MMR006005,Tanintharyi,Myeik,302183.2957380707,0,302183.2957380707,0.135,0.623,0.233,0.009,0.242,70408.70790697048,2719.6496616426357,73128.35756861311,73128,73128.35756861311,10969,0.24200000000000002,0,0,0,0,0,0,0,NA,73128,10969
MMR006,MMR006007,Tanintharyi,Palaw,138077.08199467565,725,137352.08199467565,0.135,0.623,0.233,0.009,0.242,32003.03510475943,1236.1687379520808,33239.20384271151,33964,33964.20384271151,5095,0.2459800232743997,0,0,0,0,0,0,0,NA,33964,5095
MMR006,MMR006008,Tanintharyi,Tanintharyi,113498.91102819465,0,113498.91102819465,0.135,0.623,0.233,0.009,0.242,26445.246269569354,1021.4901992537517,27466.736468823106,27467,27466.736468823106,4120,0.24200000000000002,0,0,0,0,0,0,0,NA,27467,4120
MMR006,MMR006003,Tanintharyi,Thayetchaung,112233.83467999121,0,112233.83467999121,0.135,0.623,0.233,0.009,0.242,26150.483480437953,1010.1045121199209,27160.587992557874,27161,27160.587992557874,4074,0.24200000000000002,0,0,0,0,0,0,0,NA,27161,4074
MMR006,MMR006004,Tanintharyi,Yebyu,130260.37599431549,200,130060.37599431549,0.135,0.623,0.233,0.009,0.242,30304.06760667551,1170.5433839488394,31474.61099062435,31675,31674.61099062435,4751,0.24316382283440222,0,0,0,0,0,0,0,NA,31675,4751
MMR014,MMR014003,Shan (South),Hopong,124824.02941479757,0,124824.02941479757,0.158,0.475,0.352,0.016,0.368,43938.05835400874,1997.184470636761,45935.2428246455,45935,45935.2428246455,50,0.368,0,0,0,0,0,0,0,NA,45935,50
MMR014,MMR014004,Shan (South),Hsihseng,170025.90940119364,800,169225.90940119364,0.158,0.475,0.352,0.016,0.368,59567.52010922016,2707.614550419098,62275.13465963926,63075,63075.13465963926,50,0.37097366443608887,0,0,0,0,0,0,0,NA,63075,50
MMR014,MMR014005,Shan (South),Kalaw,206747.15941177213,0,206747.15941177213,0.158,0.475,0.352,0.016,0.368,72775.00011294379,3307.954550588354,76082.95466353215,76083,76082.95466353215,100,0.368,0,0,0,0,0,0,0,NA,76083,100
MMR014,MMR014014,Shan (South),Kunhing,59333.30048455188,0,59333.30048455188,0.158,0.475,0.352,0.016,0.368,20885.32177056226,949.3328077528301,21834.65457831509,21835,21834.65457831509,50,0.368,0,0,0,0,0,0,0,NA,21835,50
MMR014,MMR014015,Shan (South),Kyethi,82621.9792377435,1281,81340.9792377435,0.158,0.475,0.352,0.016,0.368,28632.024691685707,1301.455667803896,29933.480359489604,31214,31214.480359489604,5000,0.37779874855902945,110.4,34,0,0,0,34,34,hrp,31214,5000
MMR014,MMR014012,Shan (South),Laihka,54253.588674066115,0,54253.588674066115,0.158,0.475,0.352,0.016,0.368,19097.26321327127,868.0574187850578,19965.32063205633,19965,19965.32063205633,50,0.368,0,0,0,0,0,0,0,NA,19965,50
MMR014,MMR014018,Shan (South),Langkho,44787.45905347584,0,44787.45905347584,0.158,0.475,0.352,0.016,0.368,15765.185586823494,716.5993448556135,16481.784931679107,16482,12500,0,0.36799999999999994,0,0,0,0,0,0,0,NA,16482,0
MMR014,MMR014008,Shan (South),Lawksawk,183022.9498121872,0,183022.9498121872,0.158,0.475,0.352,0.016,0.368,64424.07833388989,2928.367196994995,67352.44553088488,67352,67352.44553088488,20,0.368,0,0,0,0,0,0,0,NA,67352,20
MMR014,MMR014011,Shan (South),Loilen,138388.81539341103,0,138388.81539341103,0.158,0.475,0.352,0.016,0.368,48712.86301848068,2214.2210462945764,50927.084064775256,50927,50927.084064775256,50,0.368,0,0,0,0,0,0,0,NA,50927,50
MMR014,MMR014020,Shan (South),Mawkmai,37564.53550142687,0,37564.53550142687,0.158,0.475,0.352,0.016,0.368,13222.716496502258,601.03256802283,13823.74906452509,13824,6000,0,0.368,0,0,0,0,0,0,0,NA,13824,0
MMR014,MMR014017,Shan (South),Monghsu,80830.96973675858,0,80830.96973675858,0.158,0.475,0.352,0.016,0.368,28452.501347339017,1293.2955157881372,29745.796863127154,29746,29745.796863127154,50,0.368,0,0,0,0,0,0,0,NA,29746,50
MMR014,MMR014016,Shan (South),Mongkaing,82544.20587231612,3035,79509.20587231612,0.158,0.475,0.352,0.016,0.368,27987.24046705527,1272.1472939570579,29259.38776101233,32294,32294.38776101233,50,0.3912374880796243,0,0,0,0,0,0,0,NA,32294,50
MMR014,MMR014019,Shan (South),Mongnai,43815.29198563354,0,43815.29198563354,0.158,0.475,0.352,0.016,0.368,15422.982778943006,701.0446717701367,16124.027450713142,16124,16124.027450713142,50,0.36799999999999994,0,0,0,0,0,0,0,NA,16124,50
MMR014,MMR014021,Shan (South),Mongpan,28805.03245814827,0,28805.03245814827,0.158,0.475,0.352,0.016,0.368,10139.371425268191,460.88051933037235,10600.251944598564,10600,10600.251944598564,50,0.368,0,0,0,0,0,0,0,NA,10600,50
MMR014,MMR014013,Shan (South),Nansang,129949.29419646223,0,129949.29419646223,0.158,0.475,0.352,0.016,0.368,45742.1515571547,2079.1887071433957,47821.340264298095,47821,47821.340264298095,1000,0.36799999999999994,0,0,0,0,0,0,0,NA,47821,1000
MMR014,MMR014002,Shan (South),Nyaungshwe,210440.28322149537,0,210440.28322149537,0.158,0.475,0.352,0.016,0.368,74074.97969396636,3367.044531543926,77442.0242255103,77442,77442.0242255103,20,0.368,0,0,0,0,0,0,0,NA,77442,20
MMR014,MMR014010,Shan (South),Pekon,115093.4703517542,9970,105123.4703517542,0.158,0.475,0.352,0.016,0.368,37003.46156381747,1681.975525628067,38685.43708944554,48655,48655.43708944554,150,0.4227471544714262,1943.5,1943.5,0,0,0,0,0,ierp,48655,150
MMR014,MMR014006,Shan (South),Pindaya,88109.44569268427,0,88109.44569268427,0.158,0.475,0.352,0.016,0.368,31014.52488382486,1409.7511310829484,32424.276014907806,32424,32424.276014907806,150,0.36799999999999994,0,0,0,0,0,0,0,NA,32424,150
MMR014,MMR014009,Shan (South),Pinlaung,213606.77024246746,60,213546.77024246746,0.158,0.475,0.352,0.016,0.368,75168.46312534854,3416.7483238794794,78585.21144922802,78645,78645.21144922802,50,0.3681775224631549,0,0,0,0,0,0,0,NA,78645,50
MMR014,MMR014001,Shan (South),Taunggyi,486701.276652264,36,486665.276652264,0.158,0.475,0.352,0.016,0.368,171306.1773815969,7786.644426436224,179092.82180803313,179129,179128.82180803313,200,0.3680467473604271,0,0,0,0,0,0,0,NA,179129,200
MMR014,MMR014007,Shan (South),Ywangan,91697.01993504175,0,91697.01993504175,0.158,0.475,0.352,0.016,0.368,32277.351017134697,1467.152318960668,33744.50333609537,33745,33744.50333609537,150,0.36800000000000005,0,0,0,0,0,0,0,NA,33745,150
MMR018,MMR018004,Nay Pyi Taw,Det Khi Na Thi Ri,57490.06829779366,0,57490.06829779366,0,0,0,0,0,0,0,0,0,0,0,0,0,0,0,0,0,0,0,NA,0,0
MMR018,MMR018007,Nay Pyi Taw,Lewe,318535.16586296825,0,318535.16586296825,0,0,0,0,0,0,0,0,0,0,0,0,0,0,0,0,0,0,0,NA,0,0
MMR018,MMR018008,Nay Pyi Taw,Oke Ta Ra Thi Ri,91418.70664093515,0,91418.70664093515,0,0,0,0,0,0,0,0,0,0,0,0,0,0,0,0,0,0,0,NA,0,0
MMR018,MMR018005,Nay Pyi Taw,Poke Ba Thi Ri,130476.06659285931,0,130476.06659285931,0,0,0,0,0,0,0,0,0,0,0,0,0,0,0,0,0,0,0,NA,0,0
MMR018,MMR018006,Nay Pyi Taw,Pyinmana,210082.69677906152,0,210082.69677906152,0,0,0,0,0,0,0,0,0,0,0,0,0,0,0,0,0,0,0,NA,0,0
MMR018,MMR018003,Nay Pyi Taw,Tatkon,243155.61481010212,0,243155.61481010212,0,0,0,0,0,0,0,0,0,0,0,0,0,0,0,0,0,0,0,NA,0,0
MMR018,MMR018002,Nay Pyi Taw,Za Bu Thi Ri,123719.90831721459,0,123719.90831721459,0,0,0,0,0,0,0,0,0,0,0,0,0,0,0,0,0,0,0,NA,0,0
MMR018,MMR018001,Nay Pyi Taw,Zay Yar Thi Ri,124654.03232283259,0,124654.03232283259,0,0,0,0,0,0,0,0,0,0,0,0,0,0,0,0,0,0,0,NA,0,0
